subreddit,query,title,date,score,url
India,2024 elections nifty,A Muslim Voter‚Äôs First-Person Account Of How She Fought To Cast Her Vote In The 2024 Election,2024-05-20 11:43:54,75,https://article-14.com/post/a-muslim-voter-s-first-person-account-of-how-she-fought-to-cast-her-vote-in-the-2024-election-664abb5c73502
IndiaInvestments,stock prediction india elections,2 finance related apps I found on android that are really helpful.,2024-05-21 08:16:17,56,https://www.reddit.com/r/IndiaInvestments/comments/1cx2scw/2_finance_related_apps_i_found_on_android_that/
IndiaInvestments,modi win stock market,What are the safer option to park money for short period with high liquidity?,2024-05-21 15:23:15,32,https://www.reddit.com/r/IndiaInvestments/comments/1cxaidt/what_are_the_safer_option_to_park_money_for_short/
IndiaInvestments,bjp stock market,What are the safer option to park money for short period with high liquidity?,2024-05-21 15:23:15,31,https://www.reddit.com/r/IndiaInvestments/comments/1cxaidt/what_are_the_safer_option_to_park_money_for_short/
IndiaInvestments,stock prediction india elections,Adani suspected of fraud by selling low-grade coal as high-value fuel,2024-05-22 04:29:22,556,https://www.ft.com/content/7451f2de-91fa-49f3-acb3-e83ab5c00eff
India,election result stock crash,Voting Falls in Phase 5 of India Elections to 60.3%,2024-05-22 06:58:13,216,https://www.reddit.com/r/india/comments/1cxu2kb/voting_falls_in_phase_5_of_india_elections_to_603/
India,exit poll 2024,Voting Falls in Phase 5 of India Elections to 60.3%,2024-05-22 06:58:13,219,https://www.reddit.com/r/india/comments/1cxu2kb/voting_falls_in_phase_5_of_india_elections_to_603/
India,2024 elections nifty,Voting Falls in Phase 5 of India Elections to 60.3%,2024-05-22 06:58:13,220,https://www.reddit.com/r/india/comments/1cxu2kb/voting_falls_in_phase_5_of_india_elections_to_603/
India,election result stock crash,Controversial Unpopular Opinion : The fault is ours. Not BJPs or Opposition or Media or Courts or EC or anyone else. Only we are to be blamed.,2024-05-22 20:14:32,15,https://www.reddit.com/r/india/comments/1cya451/controversial_unpopular_opinion_the_fault_is_ours/
India,2024 elections nifty,Advertising ruined Indian news websites.,2024-05-23 04:33:30,7,https://i.redd.it/e96x6z0nt32d1.png
India,exit poll 2024,"Virat Kohli sombre, Glenn Maxwell punches door: Heartbreaking scenes inside RCB dressing room after exit from IPL 2024",2024-05-23 07:15:08,4,https://www.hindustantimes.com/cricket/virat-kohli-sombre-glenn-maxwell-punches-door-heartbreaking-scenes-inside-rcb-dressing-room-after-exit-from-ipl-2024-101716445593844.html
India,2024 elections nifty,Prashant Kishore is more than what he seems on the surface‚Ä¶,2024-05-23 23:53:39,14,https://www.reddit.com/r/india/comments/1cz7ejg/prashant_kishore_is_more_than_what_he_seems_on/
India,election result stock crash,Prashant Kishore is more than what he seems on the surface‚Ä¶,2024-05-23 23:53:39,14,https://www.reddit.com/r/india/comments/1cz7ejg/prashant_kishore_is_more_than_what_he_seems_on/
IndiaInvestments,modi win stock market,How did the Indian stock market react to elections in the past?,2024-05-24 03:57:49,92,https://www.hindustantimes.com/india-news/how-did-the-indian-stock-market-react-to-elections-in-the-past-101716491415881.html
IndiaInvestments,election result stock crash,How did the Indian stock market react to elections in the past?,2024-05-24 03:57:49,95,https://www.hindustantimes.com/india-news/how-did-the-indian-stock-market-react-to-elections-in-the-past-101716491415881.html
IndiaInvestments,stock prediction india elections,How did the Indian stock market react to elections in the past?,2024-05-24 03:57:49,93,https://www.hindustantimes.com/india-news/how-did-the-indian-stock-market-react-to-elections-in-the-past-101716491415881.html
IndiaInvestments,bjp stock market,How did the Indian stock market react to elections in the past?,2024-05-24 03:57:49,98,https://www.hindustantimes.com/india-news/how-did-the-indian-stock-market-react-to-elections-in-the-past-101716491415881.html
India,2024 elections nifty,The curious case of declining voters in the 2024 elections,2024-05-24 04:51:46,495,https://www.thehindu.com/data/the-curious-case-of-declining-voters-in-the-2024-elections/article68206832.ece
India,2024 elections nifty,"#VoterPrivacyWatch | We‚Äôve been tracking how political parties use mobile apps to identify & profile voters, potentially compromising their data privacy for a range of political gains. Here‚Äôs a rundown of some such apps we‚Äôve come across & the risks they pose. ",2024-05-24 08:10:25,53,https://www.reddit.com/r/india/comments/1czfpe7/voterprivacywatch_weve_been_tracking_how/
India,election result stock crash,The 2024 Pune Car Crash: A Case of Judicial Controversy and Political Influence,2024-05-24 18:21:41,2,https://www.reddit.com/r/india/comments/1czrix3/the_2024_pune_car_crash_a_case_of_judicial/
India,2024 elections nifty,"After Prashant Kishor, Yogendra Yadav predicts BJP win; Congress tally to be... (240-260)",2024-05-25 06:22:37,0,https://www.hindustantimes.com/india-news/after-prashant-kishor-yogendra-yadav-predicts-bjp-win-congress-tally-to-be-101716612653817-amp.html
IndianStreetBets,exit poll 2024,Delhi Lok Sabha Election 2024 Live Updates: Capital records voter turnout of 34.37% at 1 pm in Phase 6 of polling,2024-05-25 10:07:29,3,https://indianexpress.com/article/cities/delhi/delhi-lok-sabha-polls-phase-six-live-updates-9350882/
India,exit poll 2024,My thoughts on these 'exit-polls' that we are seeing from popular political analysts and journalists,2024-05-25 19:22:17,13,https://www.reddit.com/r/india/comments/1d0jf5u/my_thoughts_on_these_exitpolls_that_we_are_seeing/
India,election result stock crash,My thoughts on these 'exit-polls' that we are seeing from popular political analysts and journalists,2024-05-25 19:22:17,13,https://www.reddit.com/r/india/comments/1d0jf5u/my_thoughts_on_these_exitpolls_that_we_are_seeing/
IndiaInvestments,stock prediction india elections,"Bi-Weekly Advice Thread May 26, 2024: All Your Personal Queries",2024-05-26 18:31:07,3,https://www.reddit.com/r/IndiaInvestments/comments/1d17t40/biweekly_advice_thread_may_26_2024_all_your/
India,election result stock crash,EVMs are a mess and ECI needs to pay attention,2024-05-28 05:30:33,26,https://www.reddit.com/r/india/comments/1d2c0x4/evms_are_a_mess_and_eci_needs_to_pay_attention/
IndianStreetBets,exit poll 2024,Theta decay ? My ass,2024-05-28 06:33:23,1,https://i.redd.it/owx9usor343d1.jpeg
India,2024 elections nifty,"Lok Sabha Elections 2024: Congress, I.N.D.I.A. bloc want to bring Taliban rule, claims Yogi Adityanath ",2024-05-28 16:58:22,54,https://www.deccanherald.com/elections/india/lok-sabha-elections-2024-congress-india-bloc-want-to-bring-taliban-rule-claims-yogi-adityanath-3041874
India,bjp stock market,[PSA] Do not trust videos on social media. A disclaimer on deepfake marketing.,2024-05-29 07:25:56,4,https://www.reddit.com/r/india/comments/1d36d4w/psa_do_not_trust_videos_on_social_media_a/
India,2024 elections nifty,Saluting the Heroes of Democracy,2024-05-29 19:16:59,0,https://www.reddit.com/r/india/comments/1d3kc41/saluting_the_heroes_of_democracy/
India,exit poll 2024,Saluting the Heroes of Democracy,2024-05-29 19:16:59,0,https://www.reddit.com/r/india/comments/1d3kc41/saluting_the_heroes_of_democracy/
IndianStreetBets,exit poll 2024,Holding it till 4 June,2024-05-30 05:06:27,1,https://i.redd.it/e9gumwy2yh3d1.jpeg
IndiaInvestments,bjp stock market,Ok. So actual real estate is way too expensive & risky. How about including builder stocks in your portfolio as an alternative then? ,2024-05-30 05:13:59,103,https://www.reddit.com/gallery/1d3wecp
IndiaInvestments,stock prediction india elections,Ok. So actual real estate is way too expensive & risky. How about including builder stocks in your portfolio as an alternative then? ,2024-05-30 05:13:59,101,https://www.reddit.com/gallery/1d3wecp
IndiaInvestments,modi win stock market,Ok. So actual real estate is way too expensive & risky. How about including builder stocks in your portfolio as an alternative then? ,2024-05-30 05:13:59,102,https://www.reddit.com/gallery/1d3wecp
IndianStreetBets,exit poll 2024,PE or CE,2024-05-30 14:35:32,2,https://www.reddit.com/r/IndianStreetBets/comments/1d45j6b/pe_or_ce/
IndianStreetBets,exit poll 2024,PE or CE,2024-05-30 14:36:08,1,https://www.reddit.com/r/IndianStreetBets/comments/1d45jn1/pe_or_ce/
India,2024 elections nifty,Dr Singh's open letter.,2024-05-30 15:11:42,2262,https://www.reddit.com/gallery/1d46cv6
IndianStockMarket,exit poll 2024,Today‚Äôs Headlines,2024-05-31 00:42:08,12,https://www.reddit.com/r/IndianStockMarket/comments/1d4j0xd/todays_headlines/
IndiaInvestments,bjp stock market,Advice On Building a Retirement Portfolio for My 60yo Father,2024-05-31 04:33:00,11,https://www.reddit.com/r/IndiaInvestments/comments/1d4n9xx/advice_on_building_a_retirement_portfolio_for_my/
IndiaInvestments,stock prediction india elections,Advice On Building a Retirement Portfolio for My 60yo Father,2024-05-31 04:33:00,10,https://www.reddit.com/r/IndiaInvestments/comments/1d4n9xx/advice_on_building_a_retirement_portfolio_for_my/
IndiaInvestments,modi win stock market,Advice On Building a Retirement Portfolio for My 60yo Father,2024-05-31 04:33:00,10,https://www.reddit.com/r/IndiaInvestments/comments/1d4n9xx/advice_on_building_a_retirement_portfolio_for_my/
IndianStreetBets,exit poll 2024,Will VIX crash on 3 ?? Due to exit poll?? Or only on 4??,2024-05-31 07:47:11,6,https://www.reddit.com/r/IndianStreetBets/comments/1d4q68r/will_vix_crash_on_3_due_to_exit_poll_or_only_on_4/
IndianStreetBets,exit poll 2024,Whether to bet on NDA win or not?,2024-05-31 08:18:48,1,https://www.reddit.com/r/IndianStreetBets/comments/1d4qlf0/whether_to_bet_on_nda_win_or_not/
IndianStreetBets,exit poll 2024,3 days to go ,2024-05-31 10:19:49,12,https://i.redd.it/unckm56wmq3d1.jpeg
IndianStockMarket,exit poll 2024,What did you take home today ?,2024-05-31 12:25:54,21,https://www.reddit.com/r/IndianStockMarket/comments/1d4udbf/what_did_you_take_home_today/
IndianStreetBets,exit poll 2024,Why fiis have record bearish positions? ,2024-06-01 04:29:09,6,https://www.reddit.com/r/IndianStreetBets/comments/1d5eu8s/why_fiis_have_record_bearish_positions/
IndianStockMarket,exit poll 2024,"Zero loss strategy, anyone ??",2024-06-01 09:12:42,9,https://www.reddit.com/r/IndianStockMarket/comments/1d5izqx/zero_loss_strategy_anyone/
IndianStreetBets,exit poll 2024,"Happy nation, living in a happy nation...",2024-06-01 10:58:20,409,https://i.redd.it/6u2wnoglyx3d1.jpeg
India,exit poll 2024,"Congress Reverses Decision to Stay Away From TV Debates On Exit Polls, Says INDIA Bloc Will Participate",2024-06-01 12:03:49,348,https://www.ndtv.com/india-news/congress-reverses-decision-on-exit-poll-tv-debates-says-india-bloc-will-participate-5794145
IndianStreetBets,exit poll 2024,Exit Polls,2024-06-01 13:07:00,609,https://i.redd.it/99m5ux5nly3d1.png
India,exit poll 2024,Elections 2024: Exit Poll Megathread,2024-06-01 13:18:03,415,https://www.reddit.com/r/india/comments/1d5mspc/elections_2024_exit_poll_megathread/
India,2024 elections nifty,Elections 2024: Exit Poll Megathread,2024-06-01 13:18:03,416,https://www.reddit.com/r/india/comments/1d5mspc/elections_2024_exit_poll_megathread/
IndianStreetBets,exit poll 2024,Kon saccha kon jhootha ?,2024-06-01 13:45:31,0,https://i.redd.it/vi56vvhisy3d1.jpeg
IndianStreetBets,exit poll 2024,What according to you will be Nifty and bank nifty level for monday and for tuesday as well?,2024-06-01 15:43:21,13,https://www.reddit.com/r/IndianStreetBets/comments/1d5ptx0/what_according_to_you_will_be_nifty_and_bank/
India,exit poll 2024,What Modi‚Äôs Exit Poll Win Tells Us About His Dominance Across India,2024-06-01 18:55:39,488,https://www.bloomberg.com/news/newsletters/2024-06-01/india-election-exit-polls-show-major-win-for-modi-bjp
IndiaInvestments,stock prediction india elections,"India Stocks, Bonds Set to Gain as Polls Show Landslide Modi Win",2024-06-02 07:21:07,69,https://www.bloomberg.com/news/articles/2024-06-02/india-stocks-bonds-set-to-gain-as-polls-show-landslide-modi-win
IndiaInvestments,modi win stock market,"India Stocks, Bonds Set to Gain as Polls Show Landslide Modi Win",2024-06-02 07:21:07,70,https://www.bloomberg.com/news/articles/2024-06-02/india-stocks-bonds-set-to-gain-as-polls-show-landslide-modi-win
IndianStockMarket,exit poll 2024,ITC Demerger Impact,2024-06-02 08:57:27,10,https://www.reddit.com/r/IndianStockMarket/comments/1d692i2/itc_demerger_impact/
India,exit poll 2024,"This Exit Polls predicts a clear win for INDIA: Majority in TN, Karnataka and",2024-06-02 12:54:54,222,https://www.livemint.com/elections/this-exit-polls-2024-predicts-a-clear-win-for-india-clear-majority-in-tamil-nadu-karnataka-and-11717294453527.html
India,exit poll 2024,Trample The Thorns Under Thy Tread,2024-06-02 13:01:17,1,https://www.reddit.com/r/india/comments/1d6ct2t/trample_the_thorns_under_thy_tread/
India,2024 elections nifty,Trample The Thorns Under Thy Tread,2024-06-02 13:01:17,2,https://www.reddit.com/r/india/comments/1d6ct2t/trample_the_thorns_under_thy_tread/
IndianStreetBets,exit poll 2024,"Now, will it be a good idea to place amo orders in as many PSU Stocks as I can find in an eqi-distribution scheme?",2024-06-02 13:20:24,1,https://www.reddit.com/r/IndianStreetBets/comments/1d6d66g/now_will_it_be_a_good_idea_to_place_amo_orders_in/
India,exit poll 2024,"Mining Exit Polls data for pointers to future:Where BJP does well, surprises & slips,fading ‚Äúothers‚Äù",2024-06-02 17:39:03,1,https://youtu.be/rRqewJpDd2o?si=P6OQfpTQYTNEriii
IndiaInvestments,stock prediction india elections,"Bi-Weekly Advice Thread June 02, 2024: All Your Personal Queries",2024-06-02 18:31:08,8,https://www.reddit.com/r/IndiaInvestments/comments/1d6jvjg/biweekly_advice_thread_june_02_2024_all_your/
IndiaInvestments,exit poll 2024,Investors React to India Exit Polls Suggesting Landslide Modi Victory,2024-06-03 01:45:33,80,https://www.bloomberg.com/news/live-blog/2024-06-03/india-exit-polls-market-reaction
IndianStockMarket,exit poll 2024,Should I buy stock now for a short term profit.,2024-06-03 04:14:57,0,https://www.reddit.com/r/IndianStockMarket/comments/1d6vuoa/should_i_buy_stock_now_for_a_short_term_profit/
IndianStreetBets,exit poll 2024,Conspiracy theory regarding market and exit polls ,2024-06-03 04:23:14,0,https://i.redd.it/bw1xfqh0aa4d1.jpeg
IndianStockMarket,exit poll 2024,Is today's gap up a retailer trap?,2024-06-03 05:36:37,32,https://www.reddit.com/r/IndianStockMarket/comments/1d6x5re/is_todays_gap_up_a_retailer_trap/
India,election result stock crash,"Election results 2024 LIVE updates: Day before vote counting, EC to hold press conference today",2024-06-03 05:54:49,18,https://www.thehindu.com/elections/lok-sabha/general-election-2024-live-updates-june-3-2024/article68244178.ece
India,2024 elections nifty,"Election results 2024 LIVE updates: Day before vote counting, EC to hold press conference today",2024-06-03 05:54:49,15,https://www.thehindu.com/elections/lok-sabha/general-election-2024-live-updates-june-3-2024/article68244178.ece
India,modi win stock market,"PM Modi plans a raft of business-friendly measures if he wins a third term this week, including pushing through regulations making it easier to hire and fire workers - The Hindu",2024-06-03 11:35:24,801,https://www.thehindu.com/business/Economy/modi-30-likely-to-focus-on-economic-reforms/article68245781.ece
India,exit poll 2024,"Day Before Lok Sabha Poll 2024 Results, Ex Judges' Letter To President Murmu",2024-06-03 16:07:13,248,https://www.ndtv.com/india-news/with-lok-sabha-results-on-tuesday-ex-judges-appeal-to-president-5807954
India,exit poll 2024,Lok Sabha Elections 2024 : Results Megathread,2024-06-03 18:04:48,578,https://www.reddit.com/r/india/comments/1d7b0t0/lok_sabha_elections_2024_results_megathread/
India,2024 elections nifty,Lok Sabha Elections 2024 : Results Megathread,2024-06-03 18:04:48,575,https://www.reddit.com/r/india/comments/1d7b0t0/lok_sabha_elections_2024_results_megathread/
India,election result stock crash,Lok Sabha Elections 2024 : Results Megathread,2024-06-03 18:04:48,578,https://www.reddit.com/r/india/comments/1d7b0t0/lok_sabha_elections_2024_results_megathread/
IndianStockMarket,exit poll 2024,Shortlisted stocks for BTST swing trade on election results ,2024-06-03 22:26:36,6,https://www.reddit.com/r/IndianStockMarket/comments/1d7hh3n/shortlisted_stocks_for_btst_swing_trade_on/
India,election result stock crash,First India Election Results Trickle in as Modi Seeks Third Term,2024-06-04 03:19:16,51,https://www.bloomberg.com/news/live-blog/2024-06-03/india-election-2024-results-live-news
IndianStreetBets,exit poll 2024,Help me understand this as a newbie! Sensex went kaboom 2500+ point yesterday but today's starting it went -3000 and is still negative. Why?,2024-06-04 04:14:15,1,https://www.reddit.com/r/IndianStreetBets/comments/1d7odoj/help_me_understand_this_as_a_newbie_sensex_went/
IndianStreetBets,exit poll 2024,"Sensex tanks 2,700 points, Nifty cracks below 22,450 as early trends come in; benchmark indices logged record highs with the biggest gains in 39 months after ExitPolls",2024-06-04 05:10:35,3,https://i.redd.it/fti3giocnh4d1.png
India,exit poll 2024,Opposition deserves some appreciation...,2024-06-04 06:16:12,3724,https://www.reddit.com/r/india/comments/1d7qc1r/opposition_deserves_some_appreciation/
India,modi win stock market,Opposition deserves some appreciation...,2024-06-04 06:16:12,3725,https://www.reddit.com/r/india/comments/1d7qc1r/opposition_deserves_some_appreciation/
IndianStockMarket,exit poll 2024,Sensex 6-7% down.. and reason (post) - üò≠,2024-06-04 07:45:38,7,https://www.reddit.com/r/IndianStockMarket/comments/1d7rmaj/sensex_67_down_and_reason_post/
India,bjp stock market,PM Modi On Stock Market | NDTV Exclusive: Where Is The Stock Market Headed On June 4th?,2024-06-04 07:52:16,21,https://youtu.be/y2DTeqfE1Sc?si=ZZAnDaH9X57Rl47-
India,modi win stock market,PM Modi On Stock Market | NDTV Exclusive: Where Is The Stock Market Headed On June 4th?,2024-06-04 07:52:16,20,https://youtu.be/y2DTeqfE1Sc?si=ZZAnDaH9X57Rl47-
India,2024 elections nifty,Lok Sabha elections 2024: Ram Mandir magic fades? BJP trailing in Ayodhya,2024-06-04 08:25:30,1267,https://www.business-standard.com/india-news/lok-sabha-elections-2024-ram-mandir-magic-fades-bjp-trailing-in-ayodhya-124060400653_1.html
IndianStockMarket,exit poll 2024,Finally tried F&O in last 2-3 sessions and made good profit,2024-06-04 08:39:56,0,https://www.reddit.com/r/IndianStockMarket/comments/1d7scoh/finally_tried_fo_in_last_23_sessions_and_made/
India,election result stock crash,"Adani Stocks Crash, Ambani Led Reliance Shares Dip 7% Over Election Result Uncertainty",2024-06-04 08:54:29,774,https://www.indiatimes.com/worth/news/adani-stocks-crash-ambani-led-reliance-shares-dip-9-per-cent-over-election-2024-result-uncertainty-details-635592.html
IndianStreetBets,exit poll 2024,Should We sold PSU stocks in loss? ,2024-06-04 10:01:09,4,https://www.reddit.com/r/IndianStreetBets/comments/1d7tgep/should_we_sold_psu_stocks_in_loss/
IndianStockMarket,exit poll 2024,Exit poll fraud,2024-06-04 10:05:38,130,https://www.reddit.com/r/IndianStockMarket/comments/1d7tiuz/exit_poll_fraud/
India,2024 elections nifty,Lok Sabha Election Results 2024: Who Looks Smarter Today? Yogendra Yadav or Prashant Kishor?,2024-06-04 10:07:23,158,https://www.lokmattimes.com/national/lok-sabha-election-results-2024-who-looks-smarter-today-yogendra-yadav-or-prashant-kishor-a514/
India,election result stock crash,Lok Sabha Election Results 2024: Who Looks Smarter Today? Yogendra Yadav or Prashant Kishor?,2024-06-04 10:07:23,153,https://www.lokmattimes.com/national/lok-sabha-election-results-2024-who-looks-smarter-today-yogendra-yadav-or-prashant-kishor-a514/
India,exit poll 2024,India today exit poll guy crying live,2024-06-04 10:31:48,3079,https://i.redd.it/7yecg0to8j4d1.jpeg
IndianStreetBets,exit poll 2024,"Markets move as per positions being built, not as per the event or news or fundamentals. Always remember everytime you take a trade there is a counter party who is not a fool.",2024-06-04 10:53:53,26,https://www.reddit.com/r/IndianStreetBets/comments/1d7u8m0/markets_move_as_per_positions_being_built_not_as/
India,2024 elections nifty,"Pratap Bhanu Mehta on 2024 Lok Sabha election results: Suffocating shadow has lifted, balance restored",2024-06-04 10:58:08,57,https://indianexpress.com/article/opinion/columns/2024-lok-sabha-election-results-narendra-modi-9371534/
India,election result stock crash,"Pratap Bhanu Mehta on 2024 Lok Sabha election results: Suffocating shadow has lifted, balance restored",2024-06-04 10:58:08,59,https://indianexpress.com/article/opinion/columns/2024-lok-sabha-election-results-narendra-modi-9371534/
IndianStockMarket,exit poll 2024,Regarding exit poll. ,2024-06-04 11:44:45,3,https://www.reddit.com/r/IndianStockMarket/comments/1d7v3m8/regarding_exit_poll/
IndianStreetBets,exit poll 2024,"Election Trends Cause Sensex to Fall by 3,000 Points, Nifty Slumps Over 22,450 Points",2024-06-04 13:01:15,1,https://www.reddit.com/r/IndianStreetBets/comments/1d7wl0e/election_trends_cause_sensex_to_fall_by_3000/
India,bjp stock market,Infrastructure and Investments ,2024-06-04 13:04:13,16,https://www.reddit.com/r/india/comments/1d7wn8q/infrastructure_and_investments/
India,modi win stock market,Infrastructure and Investments ,2024-06-04 13:04:13,15,https://www.reddit.com/r/india/comments/1d7wn8q/infrastructure_and_investments/
India,election result stock crash,"Odisha Election Results 2024: CM Naveen Patnaik Loses From Kantabanji, Marks His First-Ever Electoral Defeat",2024-06-04 16:20:50,35,https://www.msn.com/en-in/news/India/odisha-election-results-2024-cm-naveen-patnaik-loses-from-kantabanji-marks-his-first-ever-electoral-defeat/
India,2024 elections nifty,"Odisha Election Results 2024: CM Naveen Patnaik Loses From Kantabanji, Marks His First-Ever Electoral Defeat",2024-06-04 16:20:50,37,https://www.msn.com/en-in/news/India/odisha-election-results-2024-cm-naveen-patnaik-loses-from-kantabanji-marks-his-first-ever-electoral-defeat/
India,2024 elections nifty,2024 Lok Sabha Elections: Shekhar Gupta in conversation with Yogendra Yadav,2024-06-04 16:27:00,15,https://youtu.be/MDH3tiiAki0?si=SRXhb71AyvXFAtsV
IndianStreetBets,exit poll 2024,Learning from FIIs,2024-06-04 16:36:57,2,https://www.moneycontrol.com/news/business/markets/fiis-ramp-up-f-may-need-quick-covering-post-exit-polls-12738992.html
India,election result stock crash,"Lok Sabha Election Results 2024: BJP's Manoj Tiwari Wins Northeast Delhi Again, Defeats Kanhaiya Kumar",2024-06-04 18:55:22,34,https://www.ndtv.com/india-news/lok-sabha-election-2024-results-live-bjps-manoj-tiwari-wins-northeast-delhi-again-defeats-kanhaiya-kumar-5818333
India,2024 elections nifty,"Lok Sabha Election Results 2024: BJP's Manoj Tiwari Wins Northeast Delhi Again, Defeats Kanhaiya Kumar",2024-06-04 18:55:22,35,https://www.ndtv.com/india-news/lok-sabha-election-2024-results-live-bjps-manoj-tiwari-wins-northeast-delhi-again-defeats-kanhaiya-kumar-5818333
India,modi win stock market,Why Modi failed to win outright majority,2024-06-04 20:18:20,17,https://www.bbc.com/news/articles/c977g8gl5q2o
India,election result stock crash,News outlets mistake tweets from a Twitter account with singer Sonu Nigam,2024-06-05 04:17:03,151,https://www.reddit.com/gallery/1d8h52a
India,2024 elections nifty,News outlets mistake tweets from a Twitter account with singer Sonu Nigam,2024-06-05 04:17:03,148,https://www.reddit.com/gallery/1d8h52a
India,exit poll 2024,The Telegraph front page | 05-June-2024,2024-06-05 04:24:14,2218,https://i.redd.it/ykgwhdx0ko4d1.jpeg
India,modi win stock market,"What's Up with the ""Meme"" Pages recently? Especially Post Elections and the Yogi's Defeat in UP?",2024-06-05 06:24:19,65,https://www.reddit.com/r/india/comments/1d8j69h/whats_up_with_the_meme_pages_recently_especially/
India,modi win stock market,Who's becoming New PM ?,2024-06-05 07:18:44,1,https://www.reddit.com/r/india/comments/1d8jy3c/whos_becoming_new_pm/
India,2024 elections nifty,We shouldn't just keep quiet and let them get away with all this,2024-06-05 07:54:41,619,https://www.reddit.com/r/india/comments/1d8kf8b/we_shouldnt_just_keep_quiet_and_let_them_get_away/
India,election result stock crash,We shouldn't just keep quiet and let them get away with all this,2024-06-05 07:54:41,616,https://www.reddit.com/r/india/comments/1d8kf8b/we_shouldnt_just_keep_quiet_and_let_them_get_away/
India,election result stock crash,Exit Poll 2024: Arvind Kejriwal Attacks BJP Over Alleged Exit Polls Manipulations,2024-06-05 08:43:49,47,https://youtu.be/t0pbcXLJhys?si=oORMNpjQqRBREbJx
India,exit poll 2024,Exit Poll 2024: Arvind Kejriwal Attacks BJP Over Alleged Exit Polls Manipulations,2024-06-05 08:43:49,46,https://youtu.be/t0pbcXLJhys?si=oORMNpjQqRBREbJx
IndianStreetBets,exit poll 2024,"@LabourLawAdvisor from YouTube Questions Exit Poll Accuracy, Suggests Media's 'Pump and Dump' Strategy Amid Stock Market Crunch, Calls for SEBI Investigation",2024-06-05 10:24:16,512,https://v.redd.it/rv7vdro6cq4d1
IndianStreetBets,exit poll 2024,Couldn‚Äôt buy PUTS at right time,2024-06-05 10:28:38,3,https://www.reddit.com/r/IndianStreetBets/comments/1d8mmji/couldnt_buy_puts_at_right_time/
India,2024 elections nifty,'Modi Must Step Aside...Not Wait To Be Pushed Out': BJPs' Subramanian Swamy On Saffron Party's Performance In Lok Sabha Election 2024,2024-06-05 10:32:00,415,https://www.freepressjournal.in/india/modi-must-step-aside-and-not-wait-to-be-pushed-out-bjps-subramanian-swamy-on-saffron-partys-performance-in-lok-sabha-election-2024
IndianStreetBets,exit poll 2024,Sold CALLs on 3rd June. Made Profit. Simple.,2024-06-05 11:33:43,0,https://www.reddit.com/r/IndianStreetBets/comments/1d8np6c/sold_calls_on_3rd_june_made_profit_simple/
India,modi win stock market,This election restored hope in a tired millennial. ,2024-06-05 18:00:09,397,https://www.reddit.com/r/india/comments/1d8wdjt/this_election_restored_hope_in_a_tired_millennial/
